Match_id,Date,Time,Wk,Home_id,Away_id,ScoreHome,ScoreAway,League_name,Round
4df3a732,2022-09-17,12:00,2,15f49df1,4c088abe,2,0,Liga-F,
87c755cd,2022-09-17,12:00,2,aa11fb42,89818574,1,2,Liga-F,
abfde9d9,2022-09-17,16:00,2,c21f25d3,7a7bef84,2,0,Liga-F,
d0329f46,2022-09-17,16:00,2,54582b93,f96ff499,2,0,Liga-F,
f4452586,2022-09-17,18:00,2,215d9026,b56c2667,1,3,Liga-F,
b2402e4e,2022-09-18,12:00,2,e9fecaf2,0f4738a8,2,3,Liga-F,
d320ccc0,2022-09-18,12:00,2,94929c05,27acb0af,3,0,Liga-F,
ddc9ce5c,2022-09-18,18:00,2,74142337,753b93a5,1,2,Liga-F,
5a55bc4f,2022-09-24,12:00,3,89818574,753b93a5,3,1,Liga-F,
8c012533,2022-09-24,12:00,3,27acb0af,e9fecaf2,1,0,Liga-F,
e777f569,2022-09-24,16:00,3,f96ff499,215d9026,2,0,Liga-F,
799cf7ad,2022-09-24,18:00,3,c21f25d3,74142337,2,2,Liga-F,
ad54c9ef,2022-09-25,12:00,3,b56c2667,aa11fb42,1,0,Liga-F,
6a01f711,2022-09-25,17:00,3,7a7bef84,15f49df1,1,4,Liga-F,
989342a1,2022-09-25,19:00,3,0f4738a8,94929c05,2,0,Liga-F,
0540f7dd,2022-10-01,12:00,4,aa11fb42,7a7bef84,0,4,Liga-F,
f73a565a,2022-10-01,12:00,4,74142337,4c088abe,1,2,Liga-F,
ba2b31a0,2022-10-01,16:00,4,27acb0af,f96ff499,0,0,Liga-F,
1f2a3a7f,2022-10-01,18:15,4,15f49df1,89818574,7,0,Liga-F,
1183b290,2022-10-02,12:00,4,753b93a5,e9fecaf2,3,1,Liga-F,
8ac79dea,2022-10-02,12:00,4,0f4738a8,b56c2667,2,1,Liga-F,
c812444e,2022-10-02,16:00,4,215d9026,c21f25d3,2,2,Liga-F,
18efae97,2022-10-02,18:00,4,94929c05,54582b93,0,3,Liga-F,
b666c172,2022-10-15,12:00,5,753b93a5,0f4738a8,1,1,Liga-F,
e20140d7,2022-10-15,12:00,5,c21f25d3,4c088abe,1,1,Liga-F,
b954009a,2022-10-15,16:00,5,b56c2667,27acb0af,5,0,Liga-F,
139e63cd,2022-10-15,17:45,5,94929c05,15f49df1,0,3,Liga-F,
80948039,2022-10-16,12:00,5,54582b93,aa11fb42,7,1,Liga-F,
aeb79023,2022-10-16,12:00,5,7a7bef84,215d9026,0,5,Liga-F,
cd076cd7,2022-10-16,16:00,5,e9fecaf2,f96ff499,0,1,Liga-F,
3258462a,2022-10-16,18:00,5,89818574,74142337,4,0,Liga-F,
814ef50d,2022-10-22,12:00,6,aa11fb42,94929c05,1,1,Liga-F,
9eb749ee,2022-10-22,12:00,6,b56c2667,89818574,1,1,Liga-F,
bc1e21ba,2022-10-22,16:00,6,27acb0af,c21f25d3,0,2,Liga-F,
fb611742,2022-10-22,18:15,6,74142337,15f49df1,0,3,Liga-F,
b1300ce6,2022-10-23,11:00,6,4c088abe,7a7bef84,2,0,Liga-F,
ec7587cb,2022-10-23,11:00,6,0f4738a8,54582b93,2,2,Liga-F,
58706145,2022-10-23,16:00,6,f96ff499,753b93a5,1,1,Liga-F,
e6fe4464,2022-10-23,18:00,6,215d9026,e9fecaf2,2,0,Liga-F,
30cbd0d6,2022-10-29,11:45,7,94929c05,b56c2667,1,4,Liga-F,
493b7bef,2022-10-29,12:00,7,89818574,4c088abe,2,0,Liga-F,
8838f1cd,2022-10-29,16:00,7,aa11fb42,c21f25d3,1,5,Liga-F,
c4bba788,2022-10-29,18:15,7,e9fecaf2,74142337,0,2,Liga-F,
1c234734,2022-10-30,12:00,7,753b93a5,27acb0af,1,2,Liga-F,
276c52e3,2022-10-30,12:00,7,15f49df1,0f4738a8,2,1,Liga-F,
cd61c3ba,2022-10-30,16:00,7,7a7bef84,f96ff499,1,1,Liga-F,
261f6426,2022-10-30,19:00,7,54582b93,215d9026,2,0,Liga-F,
b39cbf7b,2022-11-01,16:00,1,b56c2667,c21f25d3,1,1,Liga-F,
8b892b0c,2022-11-01,17:00,1,4c088abe,94929c05,0,2,Liga-F,
5365c2d5,2022-11-01,20:00,1,e9fecaf2,89818574,0,3,Liga-F,
90a9cbdc,2022-11-02,19:00,1,27acb0af,215d9026,1,1,Liga-F,
e35454bb,2022-11-02,19:00,1,0f4738a8,aa11fb42,2,1,Liga-F,
9a950618,2022-11-02,21:00,1,f96ff499,74142337,3,0,Liga-F,
2f768445,2022-11-03,18:45,1,7a7bef84,54582b93,0,4,Liga-F,
31ab4b36,2022-11-03,21:00,1,753b93a5,15f49df1,0,4,Liga-F,
8c204b99,2022-11-05,12:00,8,f96ff499,94929c05,1,2,Liga-F,
9d498223,2022-11-05,12:00,8,c21f25d3,89818574,0,2,Liga-F,
cca542a7,2022-11-05,16:00,8,b56c2667,e9fecaf2,1,0,Liga-F,
e203cb71,2022-11-05,18:15,8,0f4738a8,27acb0af,3,0,Liga-F,
5ef698fd,2022-11-06,11:00,8,4c088abe,aa11fb42,1,1,Liga-F,
2f526138,2022-11-06,12:00,8,7a7bef84,74142337,0,3,Liga-F,
44d7e125,2022-11-06,16:00,8,215d9026,753b93a5,5,0,Liga-F,
b0c2dbac,2022-11-06,18:00,8,54582b93,15f49df1,0,4,Liga-F,
b8a462d1,2022-11-19,12:00,9,e9fecaf2,4c088abe,1,0,Liga-F,
cfb7e617,2022-11-19,12:00,9,89818574,7a7bef84,1,2,Liga-F,
6c4786df,2022-11-19,16:00,9,27acb0af,54582b93,0,1,Liga-F,
f6fb9de4,2022-11-19,18:15,9,f96ff499,0f4738a8,4,2,Liga-F,
0b10cc6e,2022-11-19,20:00,9,94929c05,c21f25d3,1,3,Liga-F,
ec293233,2022-11-20,12:00,9,15f49df1,aa11fb42,8,0,Liga-F,
3eb4df75,2022-11-20,14:00,9,753b93a5,b56c2667,1,2,Liga-F,
fd302be0,2022-11-20,16:00,9,74142337,215d9026,3,0,Liga-F,
16dc7b9c,2022-11-26,12:00,10,0f4738a8,215d9026,5,1,Liga-F,
e4203147,2022-11-26,12:00,10,89818574,27acb0af,2,3,Liga-F,
a267cc52,2022-11-26,16:00,10,7a7bef84,94929c05,1,6,Liga-F,
2bb592d4,2022-11-26,18:15,10,54582b93,e9fecaf2,5,1,Liga-F,
596794cb,2022-11-27,11:00,10,4c088abe,f96ff499,1,0,Liga-F,
5af98672,2022-11-27,12:00,10,aa11fb42,74142337,3,1,Liga-F,
ac4c9e3c,2022-11-27,14:00,10,c21f25d3,753b93a5,3,0,Liga-F,
02a46818,2022-11-27,16:30,10,b56c2667,15f49df1,1,6,Liga-F,
96af732a,2022-12-03,12:00,11,215d9026,4c088abe,2,2,Liga-F,
b0712d4d,2022-12-03,12:00,11,15f49df1,c21f25d3,2,1,Liga-F,
068d3cc4,2022-12-03,16:00,11,94929c05,89818574,0,2,Liga-F,
6edb1c14,2022-12-03,18:15,11,753b93a5,54582b93,1,4,Liga-F,
2016acf4,2022-12-04,12:00,11,f96ff499,b56c2667,0,1,Liga-F,
25a42680,2022-12-04,12:00,11,27acb0af,aa11fb42,2,2,Liga-F,
00a4b1aa,2022-12-04,16:00,11,e9fecaf2,7a7bef84,0,1,Liga-F,
0e5cb87a,2022-12-04,18:00,11,74142337,0f4738a8,0,7,Liga-F,
b8148814,2022-12-10,12:00,12,89818574,f96ff499,3,1,Liga-F,
277c494f,2022-12-10,19:00,12,15f49df1,e9fecaf2,4,0,Liga-F,
29347401,2022-12-11,12:00,12,aa11fb42,215d9026,2,0,Liga-F,
6993ab9a,2022-12-11,12:00,12,7a7bef84,27acb0af,2,3,Liga-F,
9c714bb1,2022-12-11,13:00,12,4c088abe,753b93a5,0,1,Liga-F,
0dc3ac5a,2022-12-11,16:00,12,74142337,94929c05,1,0,Liga-F,
67b0663d,2022-12-11,18:00,12,c21f25d3,0f4738a8,3,4,Liga-F,
9ebe22e5,2022-12-11,20:00,12,54582b93,b56c2667,1,0,Liga-F,
27207077,2022-12-17,12:00,13,753b93a5,7a7bef84,2,2,Liga-F,
3aefcf58,2022-12-17,12:30,13,b56c2667,74142337,2,1,Liga-F,
6d62c952,2022-12-17,16:00,13,215d9026,94929c05,1,1,Liga-F,
e98797d9,2022-12-17,18:15,13,e9fecaf2,aa11fb42,3,1,Liga-F,
7ce9c91f,2022-12-17,20:00,13,0f4738a8,89818574,2,1,Liga-F,
4e268acb,2022-12-18,12:00,13,27acb0af,4c088abe,2,2,Liga-F,
2323dfd4,2023-01-07,12:00,14,aa11fb42,f96ff499,4,1,Liga-F,
337b320e,2023-01-07,12:00,14,7a7bef84,0f4738a8,0,6,Liga-F,
1c37d7fc,2023-01-07,16:00,14,c21f25d3,e9fecaf2,2,1,Liga-F,
f2c23a7f,2023-01-07,18:15,14,15f49df1,215d9026,4,0,Liga-F,
f829de07,2023-01-08,11:00,14,4c088abe,b56c2667,1,1,Liga-F,
53e071c0,2023-01-08,12:00,14,94929c05,753b93a5,2,0,Liga-F,
b85b066b,2023-01-08,12:30,14,74142337,27acb0af,0,0,Liga-F,
b34933bf,2023-01-08,18:00,14,89818574,54582b93,0,4,Liga-F,
d33c5577,2023-01-14,12:00,15,27acb0af,15f49df1,0,3,Liga-F,
e38e658b,2023-01-14,12:00,15,753b93a5,aa11fb42,1,0,Liga-F,
1267003b,2023-01-14,16:00,15,b56c2667,7a7bef84,2,2,Liga-F,
3ed9f492,2023-01-15,12:00,15,f96ff499,c21f25d3,2,1,Liga-F,
60232ffb,2023-01-15,12:00,15,e9fecaf2,94929c05,2,1,Liga-F,
6df9971a,2023-01-15,12:00,15,0f4738a8,4c088abe,2,0,Liga-F,
f750f770,2023-01-15,16:00,15,54582b93,74142337,4,0,Liga-F,
4fc7bf17,2023-01-15,18:00,15,215d9026,89818574,4,2,Liga-F,
606164c0,2023-01-24,19:00,16,94929c05,0f4738a8,0,3,Liga-F,
440a6e08,2023-01-24,20:00,16,74142337,e9fecaf2,1,2,Liga-F,
2a51fd69,2023-01-24,21:00,16,f96ff499,7a7bef84,2,0,Liga-F,
d79d890b,2023-01-25,18:00,16,15f49df1,753b93a5,7,0,Liga-F,
15fc207b,2023-01-25,19:00,16,aa11fb42,54582b93,1,3,Liga-F,
0916afa3,2023-01-25,20:00,16,89818574,b56c2667,2,2,Liga-F,
ef06be7e,2023-01-26,20:00,16,4c088abe,c21f25d3,2,1,Liga-F,
4a193a1d,2023-01-28,12:00,17,7a7bef84,aa11fb42,1,0,Liga-F,
fc197bd1,2023-01-28,14:00,17,74142337,89818574,1,3,Liga-F,
b3b60454,2023-01-28,16:00,17,0f4738a8,e9fecaf2,3,1,Liga-F,
452ba552,2023-01-28,18:15,17,54582b93,94929c05,2,1,Liga-F,
9c18acc9,2023-01-29,12:00,17,b56c2667,215d9026,1,1,Liga-F,
e20e2c31,2023-01-29,12:00,17,c21f25d3,27acb0af,4,0,Liga-F,
b04387c0,2023-01-29,16:00,17,753b93a5,f96ff499,0,3,Liga-F,
0b733bf2,2023-01-29,17:00,17,4c088abe,15f49df1,0,6,Liga-F,
dbf46317,2023-02-01,18:00,16,215d9026,27acb0af,1,0,Liga-F,
58c6208f,2023-02-01,19:00,13,f96ff499,15f49df1,0,4,Liga-F,
587eaee0,2023-02-01,21:00,13,54582b93,c21f25d3,4,1,Liga-F,
02a7e9bd,2023-02-04,12:00,18,94929c05,4c088abe,0,1,Liga-F,
eedce872,2023-02-04,12:00,18,e9fecaf2,753b93a5,0,0,Liga-F,
1f55f98a,2023-02-04,16:00,18,aa11fb42,0f4738a8,0,2,Liga-F,
a7e779b6,2023-02-04,18:15,18,f96ff499,54582b93,1,6,Liga-F,
29921008,2023-02-05,12:00,18,89818574,c21f25d3,2,2,Liga-F,
b0be717d,2023-02-05,12:00,18,27acb0af,b56c2667,1,3,Liga-F,
e8fe0043,2023-02-05,12:00,18,215d9026,7a7bef84,1,0,Liga-F,
d7db38c1,2023-02-05,16:00,18,15f49df1,74142337,7,0,Liga-F,
4b926cdb,2023-02-08,19:00,3,4c088abe,54582b93,2,3,Liga-F,
3a06308c,2023-02-11,12:00,19,0f4738a8,753b93a5,5,0,Liga-F,
e46dbaec,2023-02-11,14:00,19,74142337,f96ff499,0,1,Liga-F,
9060feb4,2023-02-11,16:00,19,7a7bef84,89818574,0,3,Liga-F,
4e88f643,2023-02-11,18:15,19,aa11fb42,15f49df1,0,4,Liga-F,
c0cb2778,2023-02-12,11:00,19,4c088abe,e9fecaf2,0,0,Liga-F,
b0fd9cfa,2023-02-12,12:00,19,b56c2667,94929c05,1,0,Liga-F,
2fef7447,2023-02-12,15:30,19,c21f25d3,215d9026,0,3,Liga-F,
ab198669,2023-02-12,18:00,19,54582b93,27acb0af,1,0,Liga-F,
0d5d8f54,2023-03-04,12:00,20,27acb0af,94929c05,2,3,Liga-F,
cc80b805,2023-03-04,12:00,20,c21f25d3,b56c2667,1,2,Liga-F,
35216d41,2023-03-04,14:00,20,89818574,aa11fb42,5,1,Liga-F,
45362f51,2023-03-04,16:00,20,f96ff499,4c088abe,2,1,Liga-F,
75a15939,2023-03-04,18:15,20,e9fecaf2,54582b93,1,5,Liga-F,
bbf04fc8,2023-03-05,12:00,20,15f49df1,7a7bef84,5,0,Liga-F,
e3126a08,2023-03-05,16:00,20,215d9026,0f4738a8,2,4,Liga-F,
77e266fc,2023-03-05,18:00,20,753b93a5,74142337,2,2,Liga-F,
814564da,2023-03-11,12:00,21,aa11fb42,27acb0af,2,1,Liga-F,
c9cf5c87,2023-03-11,12:00,21,753b93a5,215d9026,1,1,Liga-F,
3219acdb,2023-03-11,16:00,21,74142337,c21f25d3,0,0,Liga-F,
2d8ce5cc,2023-03-11,18:15,21,0f4738a8,15f49df1,0,4,Liga-F,
5c4784dc,2023-03-12,12:00,21,94929c05,f96ff499,0,2,Liga-F,
d76fad49,2023-03-12,12:00,21,7a7bef84,e9fecaf2,3,1,Liga-F,
e3c926c4,2023-03-12,14:00,21,4c088abe,89818574,5,2,Liga-F,
4bb6d054,2023-03-12,18:00,21,b56c2667,54582b93,0,0,Liga-F,
f3460c4f,2023-03-17,19:00,22,15f49df1,f96ff499,5,1,Liga-F,
0a516189,2023-03-18,12:00,22,54582b93,4c088abe,0,1,Liga-F,
196aa651,2023-03-18,12:00,22,89818574,94929c05,3,2,Liga-F,
04ebb18d,2023-03-18,18:15,22,215d9026,74142337,3,0,Liga-F,
e25f9a70,2023-03-19,12:00,22,c21f25d3,aa11fb42,6,5,Liga-F,
f1908829,2023-03-19,12:00,22,7a7bef84,753b93a5,0,0,Liga-F,
472b036a,2023-03-19,16:00,22,27acb0af,0f4738a8,0,3,Liga-F,
80e135c6,2023-03-19,18:00,22,e9fecaf2,b56c2667,1,3,Liga-F,
74352fc6,2023-03-24,20:00,23,94929c05,215d9026,1,1,Liga-F,
ac5085b5,2023-03-25,11:00,23,4c088abe,27acb0af,2,0,Liga-F,
624faae1,2023-03-25,16:00,23,74142337,7a7bef84,1,1,Liga-F,
9f42ca86,2023-03-25,18:15,23,15f49df1,54582b93,1,0,Liga-F,
07f4d8a9,2023-03-26,12:00,23,753b93a5,89818574,2,2,Liga-F,
f6f53c25,2023-03-26,12:00,23,aa11fb42,b56c2667,1,2,Liga-F,
6ec7b1fd,2023-03-26,16:00,23,f96ff499,e9fecaf2,1,3,Liga-F,
1fb3fe60,2023-03-26,18:00,23,0f4738a8,c21f25d3,4,1,Liga-F,
fd879add,2023-03-31,21:00,24,54582b93,753b93a5,3,0,Liga-F,
d317bec1,2023-04-01,12:00,24,89818574,0f4738a8,1,0,Liga-F,
e8ae9d55,2023-04-01,12:00,24,7a7bef84,4c088abe,1,2,Liga-F,
d29e5a20,2023-04-01,16:00,24,215d9026,aa11fb42,4,2,Liga-F,
7988967b,2023-04-01,18:15,24,b56c2667,f96ff499,6,2,Liga-F,
2f970975,2023-04-02,12:00,24,27acb0af,74142337,0,1,Liga-F,
820a6857,2023-04-02,12:00,24,c21f25d3,94929c05,1,1,Liga-F,
81f5c68e,2023-04-02,18:00,24,e9fecaf2,15f49df1,0,2,Liga-F,
22c7d265,2023-04-15,12:00,25,94929c05,aa11fb42,1,0,Liga-F,
abe1ccb6,2023-04-15,12:00,25,15f49df1,b56c2667,4,0,Liga-F,
cfc05abc,2023-04-15,12:00,25,e9fecaf2,c21f25d3,1,1,Liga-F,
5a191aff,2023-04-15,16:00,25,753b93a5,4c088abe,2,3,Liga-F,
1d60fb1b,2023-04-15,18:15,25,0f4738a8,7a7bef84,3,1,Liga-F,
9c736405,2023-04-16,12:00,25,f96ff499,27acb0af,1,2,Liga-F,
d681e992,2023-04-16,16:00,25,89818574,215d9026,0,0,Liga-F,
6ad04e4d,2023-04-16,18:00,25,74142337,54582b93,1,3,Liga-F,
66978bfe,2023-04-21,20:30,26,94929c05,e9fecaf2,1,0,Liga-F,
2b78fbbc,2023-04-22,11:00,26,4c088abe,74142337,0,2,Liga-F,
d5936004,2023-04-22,11:30,26,c21f25d3,f96ff499,4,0,Liga-F,
b1b40e9a,2023-04-22,18:15,26,aa11fb42,753b93a5,1,0,Liga-F,
3dabfa45,2023-04-23,12:00,26,b56c2667,0f4738a8,2,1,Liga-F,
9a34c9a9,2023-04-23,16:00,26,27acb0af,89818574,1,2,Liga-F,
860b64f7,2023-04-23,18:00,26,54582b93,7a7bef84,2,1,Liga-F,
8abbbdd6,2022-09-16,19:30,2,411b1108,fa2752bc,4,0,Womens-Super-League,
b9b31a5e,2022-09-17,12:00,2,0bbd83f6,5d020380,4,0,Womens-Super-League,
a50b9d0f,2022-09-18,12:30,2,53157aa8,9ce68f8a,4,3,Womens-Super-League,
2dfc40e0,2022-09-18,15:00,2,52d65cea,c4989550,1,0,Womens-Super-League,
e889d8ed,2022-09-18,15:00,2,23bce84e,e8e4577c,1,2,Womens-Super-League,
f2e3f0be,2022-09-18,17:00,2,00f74a56,a6a4e67d,2,1,Womens-Super-League,
e5e5dfef,2022-09-24,13:30,3,411b1108,e8e4577c,4,0,Womens-Super-League,
6f40e81c,2022-09-25,14:00,3,fa2752bc,5d020380,2,1,Womens-Super-League,
6b833a77,2022-09-25,15:00,3,52d65cea,0bbd83f6,0,2,Womens-Super-League,
9290a89f,2022-09-25,15:00,3,23bce84e,53157aa8,0,2,Womens-Super-League,
30457989,2022-09-25,16:00,3,a6a4e67d,9ce68f8a,2,0,Womens-Super-League,
fc35d143,2022-09-25,18:45,3,00f74a56,c4989550,0,3,Womens-Super-League,
a43c9b90,2022-09-28,19:05,1,a6a4e67d,52d65cea,3,1,Womens-Super-League,
f254e643,2022-09-29,18:30,1,c4989550,23bce84e,1,0,Womens-Super-League,
870bd6cc,2022-10-15,12:30,4,53157aa8,52d65cea,1,2,Womens-Super-League,
953b5a52,2022-10-16,12:00,4,0bbd83f6,fa2752bc,4,0,Womens-Super-League,
2f9fc086,2022-10-16,13:00,4,c4989550,a6a4e67d,1,3,Womens-Super-League,
41786f2a,2022-10-16,14:00,4,e8e4577c,00f74a56,1,0,Womens-Super-League,
d1a1d0bb,2022-10-16,14:00,4,9ce68f8a,23bce84e,4,0,Womens-Super-League,
a2480bce,2022-10-16,18:45,4,5d020380,411b1108,0,1,Womens-Super-League,
b1f0dd4a,2022-10-22,11:30,5,e8e4577c,9ce68f8a,0,3,Womens-Super-League,
511bd5e3,2022-10-22,12:30,5,53157aa8,c4989550,0,1,Womens-Super-League,
d51d1877,2022-10-23,12:00,5,00f74a56,411b1108,0,2,Womens-Super-League,
5e700126,2022-10-23,15:00,5,23bce84e,0bbd83f6,0,1,Womens-Super-League,
8c2ebe18,2022-10-23,15:00,5,52d65cea,5d020380,3,2,Womens-Super-League,
538677e8,2022-10-23,18:45,5,fa2752bc,a6a4e67d,0,2,Womens-Super-League,
15fc899a,2022-10-30,14:00,6,5d020380,23bce84e,2,1,Womens-Super-League,
2c61756e,2022-10-30,14:00,6,9ce68f8a,00f74a56,2,1,Womens-Super-League,
4596f4cb,2022-10-30,14:00,6,fa2752bc,e8e4577c,0,8,Womens-Super-League,
9702c681,2022-10-30,14:00,6,c4989550,0bbd83f6,0,3,Womens-Super-League,
fb3a625e,2022-10-30,14:00,6,a6a4e67d,53157aa8,3,1,Womens-Super-League,
ce07ffbb,2022-10-30,18:45,6,411b1108,52d65cea,3,1,Womens-Super-League,
716095ef,2022-11-06,14:00,7,23bce84e,411b1108,0,4,Womens-Super-League,
7650622e,2022-11-06,14:00,7,5d020380,9ce68f8a,0,3,Womens-Super-League,
fb06e388,2022-11-06,14:00,7,00f74a56,53157aa8,0,1,Womens-Super-League,
9170bfbb,2022-11-06,15:00,7,52d65cea,fa2752bc,4,5,Womens-Super-League,
35532e85,2022-11-06,18:45,7,0bbd83f6,a6a4e67d,1,3,Womens-Super-League,
a6a55939,2022-11-19,15:00,8,c4989550,9ce68f8a,1,2,Womens-Super-League,
2d9247a4,2022-11-19,17:30,8,411b1108,0bbd83f6,2,3,Womens-Super-League,
a382ec82,2022-11-20,13:00,8,a6a4e67d,e8e4577c,3,0,Womens-Super-League,
efe51e8b,2022-11-20,14:00,8,53157aa8,5d020380,3,1,Womens-Super-League,
f19b5f1e,2022-11-20,14:00,8,fa2752bc,00f74a56,3,3,Womens-Super-League,
c669fec9,2022-11-20,15:00,8,52d65cea,23bce84e,1,0,Womens-Super-League,
84723e44,2022-11-24,19:00,1,5d020380,00f74a56,3,3,Womens-Super-League,
625d157f,2022-12-03,12:30,9,0bbd83f6,53157aa8,5,0,Womens-Super-League,
76b85438,2022-12-03,14:00,9,411b1108,c4989550,1,0,Womens-Super-League,
faf0c772,2022-12-03,15:00,9,23bce84e,a6a4e67d,0,8,Womens-Super-League,
f5134a50,2022-12-04,12:30,9,5d020380,e8e4577c,1,0,Womens-Super-League,
4f74da12,2022-12-04,14:00,9,9ce68f8a,fa2752bc,3,1,Womens-Super-League,
a720778e,2022-12-04,14:00,9,00f74a56,52d65cea,2,0,Womens-Super-League,
a13ecebb,2022-12-11,12:30,10,9ce68f8a,0bbd83f6,1,1,Womens-Super-League,
1fdcbb40,2022-12-11,14:00,10,e8e4577c,52d65cea,0,2,Womens-Super-League,
386b56a6,2022-12-11,16:15,10,53157aa8,411b1108,1,4,Womens-Super-League,
3f3666a0,2022-12-11,18:45,10,a6a4e67d,5d020380,3,2,Womens-Super-League,
a9883c3d,2022-12-14,19:00,7,e8e4577c,c4989550,0,3,Womens-Super-League,
8b3b83e4,2023-01-14,12:30,11,53157aa8,e8e4577c,2,1,Womens-Super-League,
794766b1,2023-01-15,12:00,11,411b1108,a6a4e67d,1,1,Womens-Super-League,
8f9aab1f,2023-01-15,13:00,11,c4989550,5d020380,3,2,Womens-Super-League,
4e49e91c,2023-01-15,14:05,11,0bbd83f6,00f74a56,6,0,Womens-Super-League,
eb1c0e3c,2023-01-15,15:00,11,23bce84e,fa2752bc,3,0,Womens-Super-League,
0ad5e0c8,2023-01-15,18:45,11,52d65cea,9ce68f8a,0,1,Womens-Super-League,
b705d37d,2023-01-21,11:30,12,9ce68f8a,53157aa8,1,1,Womens-Super-League,
15e98574,2023-01-22,14:00,12,c4989550,52d65cea,3,0,Womens-Super-League,
921b2f07,2023-01-22,14:00,12,5d020380,0bbd83f6,0,1,Womens-Super-League,
c2df4899,2023-02-04,11:30,13,23bce84e,9ce68f8a,0,2,Womens-Super-League,
15b0530b,2023-02-04,12:30,13,53157aa8,fa2752bc,1,1,Womens-Super-League,
4f2ae2b3,2023-02-05,12:00,13,0bbd83f6,c4989550,0,0,Womens-Super-League,
bbf1c188,2023-02-05,12:30,13,e8e4577c,a6a4e67d,2,3,Womens-Super-League,
ad249bc5,2023-02-05,14:00,13,00f74a56,5d020380,2,0,Womens-Super-League,
8bdd2670,2023-02-05,18:45,13,52d65cea,411b1108,0,0,Womens-Super-League,
332e7674,2023-02-11,12:30,1,9ce68f8a,411b1108,2,1,Womens-Super-League,
e877e92b,2023-02-12,12:00,1,e8e4577c,0bbd83f6,1,2,Womens-Super-League,
ed8e8fb1,2023-02-12,14:00,1,fa2752bc,53157aa8,2,6,Womens-Super-League,
cb0acbcb,2023-02-12,14:00,10,00f74a56,23bce84e,0,1,Womens-Super-League,
a1410423,2023-03-05,12:30,14,0bbd83f6,23bce84e,5,1,Womens-Super-League,
7859b075,2023-03-05,13:00,14,c4989550,53157aa8,0,2,Womens-Super-League,
0c9354e4,2023-03-05,14:00,14,5d020380,52d65cea,2,1,Womens-Super-League,
9edbc171,2023-03-05,14:00,14,9ce68f8a,e8e4577c,3,1,Womens-Super-League,
064ed7c2,2023-03-08,19:15,14,411b1108,00f74a56,2,0,Womens-Super-League,
79f762f3,2023-03-08,19:30,14,a6a4e67d,fa2752bc,3,1,Womens-Super-League,
8111805e,2023-03-12,12:30,15,a6a4e67d,0bbd83f6,1,0,Womens-Super-League,
0aa8efe8,2023-03-12,14:00,15,fa2752bc,9ce68f8a,1,2,Womens-Super-League,
55a61cef,2023-03-12,14:00,15,00f74a56,e8e4577c,2,1,Womens-Super-League,
701608fb,2023-03-12,15:00,15,23bce84e,c4989550,0,0,Womens-Super-League,
db058f51,2023-03-12,15:00,15,52d65cea,53157aa8,1,2,Womens-Super-League,
e8eaa2c7,2023-03-12,18:45,15,411b1108,5d020380,4,0,Womens-Super-League,
6307682d,2023-03-15,19:00,12,e8e4577c,23bce84e,1,0,Womens-Super-League,
fbfbc30b,2023-03-24,19:30,16,c4989550,00f74a56,1,1,Womens-Super-League,
5ddd4b0f,2023-03-25,15:00,16,e8e4577c,411b1108,1,5,Womens-Super-League,
4f715767,2023-03-25,17:30,16,0bbd83f6,52d65cea,4,0,Womens-Super-League,
76c21718,2023-03-26,12:40,16,9ce68f8a,a6a4e67d,2,0,Womens-Super-League,
1ba7058e,2023-03-26,14:00,16,5d020380,fa2752bc,2,2,Womens-Super-League,
f59c1caa,2023-03-26,14:00,16,53157aa8,23bce84e,5,0,Womens-Super-League,
9db64e44,2023-04-01,11:30,17,fa2752bc,0bbd83f6,0,4,Womens-Super-League,
32dc7dd3,2023-04-02,12:30,17,411b1108,9ce68f8a,2,1,Womens-Super-League,
f94ef386,2023-04-02,13:00,17,c4989550,e8e4577c,2,1,Womens-Super-League,
1382f5b7,2023-04-02,15:00,17,23bce84e,5d020380,2,1,Womens-Super-League,
eea7638d,2023-04-02,17:00,17,52d65cea,00f74a56,0,0,Womens-Super-League,
c7db4c9b,2023-04-02,18:45,17,53157aa8,a6a4e67d,0,3,Womens-Super-League,
29507eea,2023-04-19,19:00,10,fa2752bc,c4989550,3,2,Womens-Super-League,
3e528eb6,2023-04-19,19:15,18,0bbd83f6,411b1108,1,0,Womens-Super-League,
63a137f3,2023-04-23,14:00,18,00f74a56,fa2752bc,2,1,Womens-Super-League,
aa80fdd1,2023-04-23,14:00,18,5d020380,c4989550,2,3,Womens-Super-League,
b53c4dcf,2023-04-23,14:00,18,e8e4577c,53157aa8,3,3,Womens-Super-League,
d12602b9,2023-04-23,18:45,18,9ce68f8a,52d65cea,6,2,Womens-Super-League,
179fdda2,2022-09-09,21:00,1,80595417,b54d31b3,2,0,Division-1-Feminine,
0efd71e8,2022-09-10,14:30,1,69dee2b0,c57b7254,4,2,Division-1-Feminine,
2da1cf83,2022-09-10,14:30,1,abc4f6d7,4fcc2996,0,3,Division-1-Feminine,
687e763d,2022-09-10,14:30,1,28d9b675,700c41b4,2,0,Division-1-Feminine,
e44f6a55,2022-09-10,14:30,1,7bbdea71,68f9fd31,3,0,Division-1-Feminine,
44af2e2f,2022-09-11,12:45,1,e3696882,7f2012ad,1,5,Division-1-Feminine,
5c98dc0f,2022-09-16,18:30,2,4fcc2996,28d9b675,1,1,Division-1-Feminine,
1d36cdee,2022-09-17,14:30,2,68f9fd31,69dee2b0,1,1,Division-1-Feminine,
52b918a2,2022-09-17,14:30,2,e3696882,7bbdea71,1,3,Division-1-Feminine,
d97dd33f,2022-09-17,14:30,2,700c41b4,80595417,0,4,Division-1-Feminine,
58a3a715,2022-09-18,12:45,2,c57b7254,abc4f6d7,1,0,Division-1-Feminine,
dab9fe0e,2022-09-18,15:00,2,7f2012ad,b54d31b3,2,1,Division-1-Feminine,
4dcbc223,2022-09-23,18:30,3,28d9b675,c57b7254,1,0,Division-1-Feminine,
776664c3,2022-09-23,21:00,3,7bbdea71,7f2012ad,1,3,Division-1-Feminine,
7a21cbe3,2022-09-24,14:30,3,b54d31b3,700c41b4,2,0,Division-1-Feminine,
c0292e3c,2022-09-24,14:30,3,abc4f6d7,68f9fd31,0,1,Division-1-Feminine,
d242ed2b,2022-09-24,14:30,3,69dee2b0,e3696882,0,1,Division-1-Feminine,
53b74a04,2022-09-25,12:45,3,80595417,4fcc2996,2,1,Division-1-Feminine,
d73a143d,2022-09-30,21:00,4,7bbdea71,69dee2b0,0,0,Division-1-Feminine,
76f2290e,2022-10-01,14:30,4,4fcc2996,b54d31b3,1,1,Division-1-Feminine,
b9ec2fe7,2022-10-01,14:30,4,e3696882,abc4f6d7,3,0,Division-1-Feminine,
bcb979b2,2022-10-01,14:30,4,68f9fd31,28d9b675,0,2,Division-1-Feminine,
fa918e8d,2022-10-01,14:30,4,7f2012ad,700c41b4,2,0,Division-1-Feminine,
e1794192,2022-10-02,12:45,4,c57b7254,80595417,2,2,Division-1-Feminine,
21e10e0e,2022-10-14,18:30,5,28d9b675,e3696882,2,2,Division-1-Feminine,
30301291,2022-10-15,14:30,5,abc4f6d7,7bbdea71,1,4,Division-1-Feminine,
82aac7cc,2022-10-15,14:30,5,80595417,68f9fd31,3,1,Division-1-Feminine,
fc0b6a39,2022-10-15,14:30,5,b54d31b3,c57b7254,1,4,Division-1-Feminine,
75a9cd7b,2022-10-16,12:45,5,69dee2b0,7f2012ad,1,3,Division-1-Feminine,
9e1717c3,2022-10-16,12:45,5,700c41b4,4fcc2996,2,1,Division-1-Feminine,
788859b8,2022-10-28,21:00,6,7bbdea71,28d9b675,1,3,Division-1-Feminine,
41f6a8e6,2022-10-29,14:30,6,c57b7254,700c41b4,2,1,Division-1-Feminine,
716f1446,2022-10-29,14:30,6,68f9fd31,b54d31b3,1,0,Division-1-Feminine,
aafd303e,2022-10-29,14:30,6,e3696882,80595417,0,2,Division-1-Feminine,
da0baca9,2022-10-29,14:30,6,69dee2b0,abc4f6d7,3,1,Division-1-Feminine,
84429fb6,2022-10-30,12:45,6,7f2012ad,4fcc2996,1,0,Division-1-Feminine,
3aa1b2cb,2022-11-04,18:30,7,700c41b4,68f9fd31,1,1,Division-1-Feminine,
ed0b655e,2022-11-04,21:00,7,28d9b675,69dee2b0,1,1,Division-1-Feminine,
1efc2a63,2022-11-05,13:30,7,80595417,7bbdea71,2,2,Division-1-Feminine,
43b7a95d,2022-11-05,14:30,7,4fcc2996,c57b7254,3,0,Division-1-Feminine,
5a0bb124,2022-11-05,14:30,7,b54d31b3,e3696882,1,4,Division-1-Feminine,
7d674122,2022-11-05,14:30,7,abc4f6d7,7f2012ad,0,0,Division-1-Feminine,
15871da5,2022-11-19,14:30,8,7bbdea71,b54d31b3,2,2,Division-1-Feminine,
3f3b0984,2022-11-19,14:30,8,abc4f6d7,28d9b675,0,3,Division-1-Feminine,
65126f9c,2022-11-19,14:30,8,68f9fd31,4fcc2996,1,5,Division-1-Feminine,
f568375f,2022-11-19,14:30,8,e3696882,700c41b4,0,0,Division-1-Feminine,
d519c9b4,2022-11-20,14:00,8,69dee2b0,80595417,0,3,Division-1-Feminine,
d96b1181,2022-11-20,16:00,8,7f2012ad,c57b7254,1,0,Division-1-Feminine,
a425f1e2,2022-11-25,21:00,9,4fcc2996,e3696882,1,0,Division-1-Feminine,
3d48e698,2022-11-26,14:30,9,7bbdea71,700c41b4,2,1,Division-1-Feminine,
47f6702c,2022-11-26,14:30,9,80595417,abc4f6d7,1,0,Division-1-Feminine,
b4690d49,2022-11-26,14:30,9,b54d31b3,69dee2b0,0,1,Division-1-Feminine,
dcd5dde3,2022-11-26,14:30,9,c57b7254,68f9fd31,5,0,Division-1-Feminine,
c8b3217f,2022-11-27,16:00,9,28d9b675,7f2012ad,2,3,Division-1-Feminine,
3bebb84b,2022-12-02,18:00,10,7bbdea71,4fcc2996,1,1,Division-1-Feminine,
39d06a6d,2022-12-03,14:30,10,e3696882,c57b7254,3,1,Division-1-Feminine,
9741b470,2022-12-03,14:30,10,69dee2b0,700c41b4,3,1,Division-1-Feminine,
eb0dcfaf,2022-12-03,14:30,10,abc4f6d7,b54d31b3,3,1,Division-1-Feminine,
ff0d12e8,2022-12-03,14:30,10,7f2012ad,68f9fd31,8,0,Division-1-Feminine,
6de014d8,2022-12-04,13:00,10,28d9b675,80595417,0,1,Division-1-Feminine,
c8bccc98,2022-12-09,18:00,11,4fcc2996,69dee2b0,2,0,Division-1-Feminine,
99956270,2022-12-10,14:30,11,68f9fd31,e3696882,0,4,Division-1-Feminine,
b9f44394,2022-12-10,14:30,11,700c41b4,abc4f6d7,1,2,Division-1-Feminine,
d4e14b41,2022-12-10,14:30,11,b54d31b3,28d9b675,0,6,Division-1-Feminine,
f885559f,2022-12-11,12:45,11,c57b7254,7bbdea71,0,1,Division-1-Feminine,
1597e8fc,2022-12-11,21:00,11,7f2012ad,80595417,0,1,Division-1-Feminine,
9cd035d8,2023-01-13,18:30,12,80595417,700c41b4,1,0,Division-1-Feminine,
207a4a16,2023-01-14,13:45,12,69dee2b0,68f9fd31,2,0,Division-1-Feminine,
4434d87d,2023-01-14,13:45,12,b54d31b3,7f2012ad,0,3,Division-1-Feminine,
48947146,2023-01-14,13:45,12,abc4f6d7,c57b7254,2,2,Division-1-Feminine,
78a16b1b,2023-01-14,13:45,12,7bbdea71,e3696882,2,0,Division-1-Feminine,
f064fd26,2023-01-15,12:45,12,28d9b675,4fcc2996,0,2,Division-1-Feminine,
2f0fcad9,2023-01-20,21:00,13,4fcc2996,80595417,4,4,Division-1-Feminine,
50fea6ff,2023-01-21,13:45,13,e3696882,69dee2b0,6,1,Division-1-Feminine,
788a8f0d,2023-01-21,13:45,13,c57b7254,28d9b675,1,3,Division-1-Feminine,
ccad2ef0,2023-01-21,13:45,13,68f9fd31,abc4f6d7,1,0,Division-1-Feminine,
79493b41,2023-01-21,21:00,13,7f2012ad,7bbdea71,2,0,Division-1-Feminine,
d197aa47,2023-02-03,18:30,14,69dee2b0,7bbdea71,0,2,Division-1-Feminine,
140493bf,2023-02-04,13:45,14,700c41b4,7f2012ad,0,5,Division-1-Feminine,
1eb95a42,2023-02-04,13:45,14,abc4f6d7,e3696882,2,0,Division-1-Feminine,
99472096,2023-02-04,13:45,14,b54d31b3,4fcc2996,0,4,Division-1-Feminine,
a63ce400,2023-02-04,13:45,14,28d9b675,68f9fd31,2,0,Division-1-Feminine,
d1910012,2023-02-05,12:45,14,80595417,c57b7254,3,1,Division-1-Feminine,
0d2dceef,2023-02-10,18:30,13,700c41b4,b54d31b3,1,0,Division-1-Feminine,
0d29309a,2023-02-25,13:45,15,c57b7254,b54d31b3,2,0,Division-1-Feminine,
24ab6431,2023-02-25,13:45,15,4fcc2996,700c41b4,6,0,Division-1-Feminine,
4091d1cf,2023-02-25,13:45,15,7bbdea71,abc4f6d7,0,1,Division-1-Feminine,
be67088e,2023-02-25,13:45,15,e3696882,28d9b675,0,3,Division-1-Feminine,
3847f364,2023-02-26,14:45,15,7f2012ad,69dee2b0,3,0,Division-1-Feminine,
75832c11,2023-02-26,14:45,15,68f9fd31,80595417,0,4,Division-1-Feminine,
8e0d9fc3,2023-03-10,18:30,16,28d9b675,7bbdea71,2,0,Division-1-Feminine,
d9e5d555,2023-03-10,21:00,16,4fcc2996,7f2012ad,1,2,Division-1-Feminine,
76b2baf0,2023-03-11,13:45,16,b54d31b3,68f9fd31,1,1,Division-1-Feminine,
d2bb8e3a,2023-03-11,13:45,16,700c41b4,c57b7254,1,2,Division-1-Feminine,
f55ec56b,2023-03-11,13:45,16,abc4f6d7,69dee2b0,2,0,Division-1-Feminine,
c190f9fc,2023-03-12,12:45,16,80595417,e3696882,4,0,Division-1-Feminine,
1c71c719,2023-03-24,18:30,17,c57b7254,4fcc2996,1,1,Division-1-Feminine,
6520dc3b,2023-03-25,13:45,17,69dee2b0,28d9b675,0,0,Division-1-Feminine,
691da3a0,2023-03-25,13:45,17,68f9fd31,700c41b4,1,2,Division-1-Feminine,
8cbea1e4,2023-03-25,13:45,17,e3696882,b54d31b3,3,1,Division-1-Feminine,
3372f2c0,2023-03-25,15:00,17,7f2012ad,abc4f6d7,6,0,Division-1-Feminine,
180f2720,2023-03-26,17:15,17,7bbdea71,80595417,0,1,Division-1-Feminine,
63a6d5cb,2023-03-31,18:30,18,700c41b4,e3696882,1,2,Division-1-Feminine,
2d4ee40d,2023-03-31,21:00,18,28d9b675,abc4f6d7,2,2,Division-1-Feminine,
5f7e5f12,2023-04-01,13:45,18,4fcc2996,68f9fd31,1,0,Division-1-Feminine,
d5e99a54,2023-04-01,13:45,18,b54d31b3,7bbdea71,1,5,Division-1-Feminine,
078c17e2,2023-04-02,12:45,18,80595417,69dee2b0,1,0,Division-1-Feminine,
4607d563,2023-04-02,12:45,18,c57b7254,7f2012ad,0,7,Division-1-Feminine,
25680a88,2023-04-15,13:45,19,68f9fd31,c57b7254,0,2,Division-1-Feminine,
68b2c5f2,2023-04-15,13:45,19,e3696882,4fcc2996,1,3,Division-1-Feminine,
cb80b1f4,2023-04-15,13:45,19,69dee2b0,b54d31b3,3,0,Division-1-Feminine,
bf95c4f8,2023-04-16,12:30,19,abc4f6d7,80595417,0,1,Division-1-Feminine,
75cf95e0,2023-04-16,15:00,19,700c41b4,7bbdea71,2,3,Division-1-Feminine,
ad0ad50f,2023-04-16,15:00,19,7f2012ad,28d9b675,2,0,Division-1-Feminine,
0bc4cc72,2022-09-16,19:15,1,97b7c0e8,51ec22be,0,0,Frauen-Bundesliga,
85034827,2022-09-17,13:00,1,a1393014,becc1dd0,4,0,Frauen-Bundesliga,
63eaced8,2022-09-18,13:00,1,88ddc98e,87705c62,3,1,Frauen-Bundesliga,
b3316cc1,2022-09-18,13:00,1,4ed1418c,b4de690d,1,2,Frauen-Bundesliga,
4434580a,2022-09-18,16:00,1,7adbf480,de550500,1,1,Frauen-Bundesliga,
cb1a84dd,2022-09-18,16:00,1,0580d9a9,c6d4860a,0,1,Frauen-Bundesliga,
e75fe3df,2022-09-23,19:15,2,c6d4860a,88ddc98e,1,0,Frauen-Bundesliga,
416a279c,2022-09-24,17:55,2,87705c62,a1393014,1,2,Frauen-Bundesliga,
9cd6a3d7,2022-09-25,13:00,2,51ec22be,7adbf480,3,0,Frauen-Bundesliga,
f539853e,2022-09-25,13:00,2,de550500,0580d9a9,0,3,Frauen-Bundesliga,
cbcfc556,2022-09-25,16:00,2,becc1dd0,4ed1418c,1,0,Frauen-Bundesliga,
d8d31c0f,2022-09-25,16:00,2,b4de690d,97b7c0e8,2,4,Frauen-Bundesliga,
9c2f95f7,2022-09-30,19:16,3,a1393014,c6d4860a,6,1,Frauen-Bundesliga,
95b6c4f6,2022-10-01,13:01,3,88ddc98e,de550500,4,2,Frauen-Bundesliga,
2aee6093,2022-10-02,13:01,3,4ed1418c,87705c62,0,2,Frauen-Bundesliga,
da505c7a,2022-10-02,13:01,3,97b7c0e8,7adbf480,3,1,Frauen-Bundesliga,
057b4349,2022-10-02,16:01,3,0580d9a9,51ec22be,0,4,Frauen-Bundesliga,
4d067ac9,2022-10-02,16:01,3,b4de690d,becc1dd0,5,2,Frauen-Bundesliga,
fd6c588d,2022-10-14,19:16,4,87705c62,b4de690d,3,2,Frauen-Bundesliga,
6280bee5,2022-10-15,13:01,4,de550500,a1393014,0,2,Frauen-Bundesliga,
9e4136f1,2022-10-16,13:01,4,c6d4860a,4ed1418c,0,1,Frauen-Bundesliga,
bca15d73,2022-10-16,13:01,4,51ec22be,88ddc98e,4,0,Frauen-Bundesliga,
aae3875c,2022-10-16,16:01,4,becc1dd0,97b7c0e8,0,4,Frauen-Bundesliga,
ca87a860,2022-10-16,16:01,4,7adbf480,0580d9a9,0,0,Frauen-Bundesliga,
13655ef9,2022-10-21,19:15,5,4ed1418c,de550500,2,0,Frauen-Bundesliga,
fd3b3db4,2022-10-22,13:00,5,b4de690d,c6d4860a,3,2,Frauen-Bundesliga,
b60718f4,2022-10-23,13:00,5,becc1dd0,87705c62,2,3,Frauen-Bundesliga,
a68ad3b3,2022-10-23,14:00,5,a1393014,51ec22be,2,1,Frauen-Bundesliga,
a1dabd39,2022-10-23,16:00,5,97b7c0e8,0580d9a9,3,2,Frauen-Bundesliga,
b900a3e0,2022-10-23,16:00,5,88ddc98e,7adbf480,2,0,Frauen-Bundesliga,
e636ea25,2022-10-28,19:15,6,0580d9a9,88ddc98e,2,1,Frauen-Bundesliga,
170b15f5,2022-10-29,13:00,6,87705c62,97b7c0e8,3,3,Frauen-Bundesliga,
69997094,2022-10-30,13:00,6,51ec22be,4ed1418c,3,1,Frauen-Bundesliga,
f1a3f9dd,2022-10-30,13:00,6,de550500,b4de690d,0,5,Frauen-Bundesliga,
5110c4e9,2022-10-30,16:00,6,c6d4860a,becc1dd0,6,0,Frauen-Bundesliga,
6d16a8f3,2022-10-30,16:00,6,7adbf480,a1393014,2,3,Frauen-Bundesliga,
a088383f,2022-11-04,19:15,7,87705c62,c6d4860a,3,1,Frauen-Bundesliga,
184dc6a5,2022-11-05,13:00,7,b4de690d,51ec22be,0,3,Frauen-Bundesliga,
17a7ce03,2022-11-06,13:00,7,a1393014,0580d9a9,4,0,Frauen-Bundesliga,
a6be42a3,2022-11-06,13:00,7,becc1dd0,de550500,2,1,Frauen-Bundesliga,
1dfdd76d,2022-11-06,16:00,7,4ed1418c,7adbf480,2,0,Frauen-Bundesliga,
80ff8819,2022-11-06,16:00,7,97b7c0e8,88ddc98e,2,0,Frauen-Bundesliga,
1b6aad2d,2022-11-25,19:15,8,de550500,87705c62,1,3,Frauen-Bundesliga,
97b076a8,2022-11-26,14:00,8,97b7c0e8,c6d4860a,1,0,Frauen-Bundesliga,
0a2fc4a2,2022-11-26,16:00,8,7adbf480,b4de690d,1,2,Frauen-Bundesliga,
6df87ec4,2022-11-27,13:00,8,0580d9a9,4ed1418c,1,0,Frauen-Bundesliga,
be369ec4,2022-11-27,13:00,8,88ddc98e,a1393014,0,4,Frauen-Bundesliga,
d71ff616,2022-11-27,16:00,8,51ec22be,becc1dd0,2,0,Frauen-Bundesliga,
8445ef00,2022-12-02,19:15,9,87705c62,51ec22be,0,4,Frauen-Bundesliga,
3de5ed56,2022-12-03,13:00,9,a1393014,97b7c0e8,5,0,Frauen-Bundesliga,
c9df2a37,2022-12-03,16:00,9,b4de690d,0580d9a9,4,1,Frauen-Bundesliga,
38d0713d,2022-12-04,13:00,9,c6d4860a,de550500,3,0,Frauen-Bundesliga,
9145b9d9,2022-12-04,13:00,9,4ed1418c,88ddc98e,1,0,Frauen-Bundesliga,
0d584ec0,2022-12-04,16:00,9,becc1dd0,7adbf480,0,0,Frauen-Bundesliga,
c5cb672f,2022-12-09,19:15,10,97b7c0e8,de550500,3,0,Frauen-Bundesliga,
e8dead3e,2022-12-10,14:00,10,51ec22be,c6d4860a,2,0,Frauen-Bundesliga,
5c425234,2022-12-11,13:00,10,88ddc98e,b4de690d,0,0,Frauen-Bundesliga,
ab35e12e,2022-12-11,13:00,10,a1393014,4ed1418c,3,0,Frauen-Bundesliga,
0b0ceab9,2022-12-11,16:00,10,0580d9a9,becc1dd0,0,6,Frauen-Bundesliga,
262894df,2022-12-11,16:00,10,7adbf480,87705c62,1,1,Frauen-Bundesliga,
9d46f55c,2023-02-03,19:15,11,becc1dd0,88ddc98e,4,0,Frauen-Bundesliga,
b262205b,2023-02-04,14:00,11,b4de690d,a1393014,0,4,Frauen-Bundesliga,
4a695458,2023-02-05,13:00,11,87705c62,0580d9a9,7,0,Frauen-Bundesliga,
1e7316f0,2023-02-05,16:00,11,c6d4860a,7adbf480,0,2,Frauen-Bundesliga,
49276fcb,2023-02-05,16:00,11,4ed1418c,97b7c0e8,0,1,Frauen-Bundesliga,
8606d579,2023-02-11,13:00,12,51ec22be,97b7c0e8,2,1,Frauen-Bundesliga,
091bd2bf,2023-02-12,13:00,12,b4de690d,4ed1418c,3,1,Frauen-Bundesliga,
a8a3a4e5,2023-02-12,13:00,12,becc1dd0,a1393014,0,3,Frauen-Bundesliga,
b8cbe52c,2023-02-12,16:00,12,c6d4860a,0580d9a9,2,0,Frauen-Bundesliga,
db1b6c2d,2023-02-12,16:00,12,87705c62,88ddc98e,4,0,Frauen-Bundesliga,
d286a709,2023-02-25,13:00,11,de550500,51ec22be,0,3,Frauen-Bundesliga,
fc9960cc,2023-03-01,19:30,12,de550500,7adbf480,1,2,Frauen-Bundesliga,
12c30b3f,2023-03-03,19:45,13,97b7c0e8,b4de690d,4,1,Frauen-Bundesliga,
0a8542af,2023-03-04,13:00,13,a1393014,87705c62,1,2,Frauen-Bundesliga,
6eb3ca83,2023-03-05,13:00,13,88ddc98e,c6d4860a,0,0,Frauen-Bundesliga,
db423ba3,2023-03-05,13:00,13,0580d9a9,de550500,3,0,Frauen-Bundesliga,
939534b7,2023-03-05,16:00,13,4ed1418c,becc1dd0,1,1,Frauen-Bundesliga,
9f98af64,2023-03-05,16:00,13,7adbf480,51ec22be,0,2,Frauen-Bundesliga,
7cd81c98,2023-03-10,19:15,14,51ec22be,0580d9a9,4,0,Frauen-Bundesliga,
39484260,2023-03-12,13:00,14,87705c62,4ed1418c,4,0,Frauen-Bundesliga,
c8d51f64,2023-03-12,13:00,14,c6d4860a,a1393014,1,4,Frauen-Bundesliga,
0b9b5c7c,2023-03-12,16:00,14,becc1dd0,b4de690d,2,1,Frauen-Bundesliga,
2e1b9272,2023-03-14,18:00,14,7adbf480,97b7c0e8,0,2,Frauen-Bundesliga,
6a6ca65b,2023-03-17,19:15,15,a1393014,de550500,5,0,Frauen-Bundesliga,
68953523,2023-03-18,13:00,15,88ddc98e,51ec22be,0,5,Frauen-Bundesliga,
3ad3ebb2,2023-03-19,13:00,15,0580d9a9,7adbf480,0,1,Frauen-Bundesliga,
79927987,2023-03-19,13:00,15,97b7c0e8,becc1dd0,4,1,Frauen-Bundesliga,
58ff24bf,2023-03-19,16:00,15,4ed1418c,c6d4860a,1,2,Frauen-Bundesliga,
fc51b7cb,2023-03-19,16:00,15,b4de690d,87705c62,0,1,Frauen-Bundesliga,
40feb940,2023-03-21,19:00,14,de550500,88ddc98e,0,0,Frauen-Bundesliga,
3cbc01f6,2023-03-24,19:15,16,7adbf480,88ddc98e,1,0,Frauen-Bundesliga,
6290d88b,2023-03-25,17:55,16,51ec22be,a1393014,1,0,Frauen-Bundesliga,
08d49ec5,2023-03-26,13:00,16,87705c62,becc1dd0,2,0,Frauen-Bundesliga,
9545076c,2023-03-26,13:00,16,c6d4860a,b4de690d,2,0,Frauen-Bundesliga,
687cedaf,2023-03-26,16:00,16,de550500,4ed1418c,3,1,Frauen-Bundesliga,
285ba67f,2023-03-31,19:15,17,88ddc98e,0580d9a9,4,0,Frauen-Bundesliga,
508e4d01,2023-04-02,13:00,17,b4de690d,de550500,0,1,Frauen-Bundesliga,
848db13e,2023-04-02,13:00,17,4ed1418c,51ec22be,0,2,Frauen-Bundesliga,
50da7c0f,2023-04-02,16:00,17,a1393014,7adbf480,8,0,Frauen-Bundesliga,
762285dd,2023-04-15,13:00,17,becc1dd0,c6d4860a,0,0,Frauen-Bundesliga,
c5e3fe97,2023-04-16,13:00,16,0580d9a9,97b7c0e8,0,1,Frauen-Bundesliga,
950d4df7,2023-04-19,19:00,18,0580d9a9,a1393014,0,3,Frauen-Bundesliga,
128a452f,2023-04-21,19:15,18,c6d4860a,87705c62,0,1,Frauen-Bundesliga,
6356592a,2023-04-22,13:00,18,51ec22be,b4de690d,8,2,Frauen-Bundesliga,
a58877af,2023-04-23,13:00,18,88ddc98e,97b7c0e8,0,2,Frauen-Bundesliga,
bb2bf6e8,2023-04-23,13:00,18,de550500,becc1dd0,0,1,Frauen-Bundesliga,
282b7bd3,2023-04-23,16:00,18,7adbf480,4ed1418c,0,0,Frauen-Bundesliga,
2179a94d,2022-08-27,20:30,1,756c9acb,613577b8,0,6,Serie-A,First phase
16bee04d,2022-08-28,17:30,1,54da9a57,c99ff6e5,1,3,Serie-A,First phase
3e693ce2,2022-08-28,17:30,1,9f18ced7,02f8d026,0,2,Serie-A,First phase
336480f1,2022-08-28,20:30,1,a8e83f23,58e367c3,1,2,Serie-A,First phase
38d0ecda,2022-08-28,20:30,1,06d05f19,f7d05cb5,4,1,Serie-A,First phase
1202a1b3,2022-09-10,14:30,2,02f8d026,54da9a57,2,0,Serie-A,First phase
01c9aa4c,2022-09-11,12:30,2,58e367c3,9f18ced7,2,1,Serie-A,First phase
fe002082,2022-09-11,14:30,2,613577b8,06d05f19,3,3,Serie-A,First phase
8e426bb2,2022-09-11,17:00,2,c99ff6e5,756c9acb,2,1,Serie-A,First phase
462a84a1,2022-09-12,19:00,2,f7d05cb5,a8e83f23,2,1,Serie-A,First phase
3e1dbe3e,2022-09-16,14:30,3,613577b8,02f8d026,1,0,Serie-A,First phase
19efded9,2022-09-17,14:30,3,06d05f19,9f18ced7,6,1,Serie-A,First phase
f514c68b,2022-09-18,12:30,3,c99ff6e5,f7d05cb5,2,1,Serie-A,First phase
011a6f1d,2022-09-18,14:30,3,756c9acb,58e367c3,0,1,Serie-A,First phase
c0581735,2022-09-18,14:30,3,54da9a57,a8e83f23,3,1,Serie-A,First phase
e9cf06d8,2022-09-24,12:30,4,a8e83f23,613577b8,1,1,Serie-A,First phase
a140a2d9,2022-09-24,14:30,4,02f8d026,c99ff6e5,2,1,Serie-A,First phase
e12fad04,2022-09-24,14:30,4,f7d05cb5,54da9a57,0,4,Serie-A,First phase
a145a10f,2022-09-25,12:30,4,9f18ced7,756c9acb,2,2,Serie-A,First phase
955ee1bf,2022-09-25,14:30,4,58e367c3,06d05f19,0,2,Serie-A,First phase
aa367df2,2022-09-30,19:00,5,756c9acb,06d05f19,1,3,Serie-A,First phase
836dc4f6,2022-10-01,12:30,5,c99ff6e5,a8e83f23,2,0,Serie-A,First phase
8776170a,2022-10-01,14:30,5,54da9a57,58e367c3,2,1,Serie-A,First phase
54cd9665,2022-10-02,12:30,5,613577b8,9f18ced7,3,0,Serie-A,First phase
dc78abbd,2022-10-02,14:30,5,02f8d026,f7d05cb5,5,0,Serie-A,First phase
7df94b89,2022-10-15,13:30,6,9f18ced7,c99ff6e5,0,1,Serie-A,First phase
0b66a293,2022-10-15,14:30,6,06d05f19,54da9a57,4,0,Serie-A,First phase
82fe7aa6,2022-10-15,14:30,6,756c9acb,f7d05cb5,4,1,Serie-A,First phase
79652e91,2022-10-16,12:30,6,a8e83f23,02f8d026,0,1,Serie-A,First phase
ceba8336,2022-10-16,14:30,6,58e367c3,613577b8,0,4,Serie-A,First phase
c1c36ac1,2022-10-22,12:30,7,f7d05cb5,9f18ced7,1,3,Serie-A,First phase
16c6d37a,2022-10-22,14:30,7,54da9a57,613577b8,4,3,Serie-A,First phase
70a3cbe0,2022-10-23,12:30,7,02f8d026,756c9acb,1,0,Serie-A,First phase
5e39c928,2022-10-23,14:30,7,a8e83f23,06d05f19,1,1,Serie-A,First phase
6fd15458,2022-10-23,14:30,7,c99ff6e5,58e367c3,2,1,Serie-A,First phase
7eaa698d,2022-10-29,14:30,8,06d05f19,02f8d026,1,2,Serie-A,First phase
e274c4b0,2022-10-29,14:30,8,9f18ced7,54da9a57,2,1,Serie-A,First phase
e6ac0329,2022-10-30,12:30,8,613577b8,c99ff6e5,2,0,Serie-A,First phase
05d243c2,2022-10-30,14:30,8,58e367c3,f7d05cb5,0,0,Serie-A,First phase
9248a7ad,2022-10-30,14:30,8,756c9acb,a8e83f23,2,2,Serie-A,First phase
0a15974a,2022-11-19,12:30,9,02f8d026,58e367c3,2,0,Serie-A,First phase
84755474,2022-11-19,14:30,9,f7d05cb5,613577b8,1,2,Serie-A,First phase
061a6c10,2022-11-20,12:30,9,a8e83f23,9f18ced7,2,1,Serie-A,First phase
474e1011,2022-11-20,14:30,9,54da9a57,756c9acb,3,3,Serie-A,First phase
98773337,2022-11-20,14:30,9,c99ff6e5,06d05f19,0,0,Serie-A,First phase
b494194c,2022-11-26,12:30,10,02f8d026,9f18ced7,2,0,Serie-A,First phase
d0f55d84,2022-11-26,14:30,10,c99ff6e5,54da9a57,1,6,Serie-A,First phase
796bafa2,2022-11-27,12:30,10,58e367c3,a8e83f23,0,2,Serie-A,First phase
bbb479ee,2022-11-27,14:30,10,613577b8,756c9acb,1,1,Serie-A,First phase
11e23384,2022-11-28,19:00,10,f7d05cb5,06d05f19,2,2,Serie-A,First phase
ff3d1ccf,2022-12-03,12:30,11,9f18ced7,58e367c3,1,0,Serie-A,First phase
01650965,2022-12-03,14:30,11,06d05f19,613577b8,0,2,Serie-A,First phase
7a7e10f0,2022-12-04,12:30,11,a8e83f23,f7d05cb5,2,2,Serie-A,First phase
87079e55,2022-12-04,14:30,11,756c9acb,c99ff6e5,2,3,Serie-A,First phase
8f348bb5,2022-12-04,14:30,11,54da9a57,02f8d026,0,2,Serie-A,First phase
021ee21b,2022-12-10,12:30,12,9f18ced7,06d05f19,1,2,Serie-A,First phase
cd3052d2,2022-12-10,14:30,12,a8e83f23,54da9a57,0,1,Serie-A,First phase
d933d345,2022-12-10,14:30,12,f7d05cb5,c99ff6e5,0,4,Serie-A,First phase
9cf4a454,2022-12-11,12:30,12,58e367c3,756c9acb,0,1,Serie-A,First phase
fb2587a6,2022-12-11,14:30,12,02f8d026,613577b8,2,4,Serie-A,First phase
8c322161,2023-01-14,12:30,13,06d05f19,58e367c3,4,0,Serie-A,First phase
da0a0494,2023-01-14,12:30,13,756c9acb,9f18ced7,0,1,Serie-A,First phase
37f40f67,2023-01-14,14:30,13,c99ff6e5,02f8d026,1,7,Serie-A,First phase
c7e8c300,2023-01-15,12:30,13,54da9a57,f7d05cb5,2,0,Serie-A,First phase
0a6b093f,2023-01-15,14:30,13,613577b8,a8e83f23,1,1,Serie-A,First phase
0a9d68df,2023-01-21,12:30,14,58e367c3,54da9a57,0,3,Serie-A,First phase
be67f33a,2023-01-21,14:30,14,a8e83f23,c99ff6e5,0,1,Serie-A,First phase
0b49d844,2023-01-22,12:00,14,9f18ced7,613577b8,1,2,Serie-A,First phase
57f4dcab,2023-01-22,12:30,14,f7d05cb5,02f8d026,2,3,Serie-A,First phase
8180fc4f,2023-01-22,14:30,14,06d05f19,756c9acb,1,1,Serie-A,First phase
0bd02de4,2023-01-28,14:30,15,54da9a57,06d05f19,1,4,Serie-A,First phase
d6a9bfd0,2023-01-28,14:30,15,c99ff6e5,9f18ced7,2,0,Serie-A,First phase
ec723a35,2023-01-29,12:30,15,613577b8,58e367c3,5,0,Serie-A,First phase
293080f6,2023-01-29,14:30,15,f7d05cb5,756c9acb,1,0,Serie-A,First phase
e0bd81aa,2023-01-29,14:30,15,02f8d026,a8e83f23,5,0,Serie-A,First phase
80bd0c7b,2023-02-04,12:30,16,58e367c3,c99ff6e5,1,4,Serie-A,First phase
95aca96f,2023-02-04,12:30,16,756c9acb,02f8d026,0,1,Serie-A,First phase
97582e09,2023-02-04,14:30,16,613577b8,54da9a57,1,2,Serie-A,First phase
baa34fd7,2023-02-04,14:30,16,9f18ced7,f7d05cb5,0,0,Serie-A,First phase
1cc33e4a,2023-02-05,14:30,16,06d05f19,a8e83f23,3,0,Serie-A,First phase
be1fe7ab,2023-02-11,12:30,17,c99ff6e5,613577b8,0,3,Serie-A,First phase
f76a577c,2023-02-11,14:30,17,02f8d026,06d05f19,3,2,Serie-A,First phase
d072b183,2023-02-12,12:30,17,f7d05cb5,58e367c3,3,1,Serie-A,First phase
46f05ecc,2023-02-12,14:30,17,54da9a57,9f18ced7,1,0,Serie-A,First phase
ad466807,2023-02-12,14:30,17,a8e83f23,756c9acb,2,0,Serie-A,First phase
8ac509c2,2023-02-25,12:30,18,06d05f19,c99ff6e5,3,1,Serie-A,First phase
cbac4ef4,2023-02-25,14:30,18,9f18ced7,a8e83f23,0,2,Serie-A,First phase
4f7495df,2023-02-26,12:30,18,58e367c3,02f8d026,0,1,Serie-A,First phase
91e80324,2023-02-26,14:30,18,756c9acb,54da9a57,0,4,Serie-A,First phase
a91612dd,2023-02-26,14:30,18,613577b8,f7d05cb5,2,1,Serie-A,First phase
fe18398d,2023-03-17,18:00,1,c99ff6e5,02f8d026,1,5,Serie-A,Championship group
dc3e2693,2023-03-18,12:30,1,a8e83f23,58e367c3,3,0,Serie-A,Relegation group
cc407189,2023-03-18,15:00,1,613577b8,54da9a57,2,0,Serie-A,Championship group
04d2f322,2023-03-19,12:30,1,9f18ced7,f7d05cb5,4,1,Serie-A,Relegation group
8689cab5,2023-03-25,12:30,2,58e367c3,756c9acb,1,1,Serie-A,Relegation group
6c7b9cf0,2023-03-25,14:30,2,06d05f19,613577b8,1,3,Serie-A,Championship group
33dcc692,2023-03-26,12:30,2,f7d05cb5,a8e83f23,0,1,Serie-A,Relegation group
fffc3fc3,2023-03-26,14:30,2,54da9a57,c99ff6e5,3,3,Serie-A,Championship group
734c4eb0,2023-04-01,12:30,3,756c9acb,f7d05cb5,1,0,Serie-A,Relegation group
0083f674,2023-04-01,14:30,3,02f8d026,54da9a57,3,1,Serie-A,Championship group
e817a68d,2023-04-02,12:30,3,a8e83f23,9f18ced7,2,0,Serie-A,Relegation group
a0e70d9c,2023-04-02,14:30,3,c99ff6e5,06d05f19,1,0,Serie-A,Championship group
0a87d84a,2023-04-15,12:30,4,9f18ced7,756c9acb,1,3,Serie-A,Relegation group
06ff75e3,2023-04-15,14:30,4,06d05f19,02f8d026,1,6,Serie-A,Championship group
663ec870,2023-04-16,12:30,4,f7d05cb5,58e367c3,1,1,Serie-A,Relegation group
ff64b21d,2023-04-16,14:30,4,613577b8,c99ff6e5,4,3,Serie-A,Championship group
29c06f13,2023-04-22,12:30,5,54da9a57,06d05f19,3,1,Serie-A,Championship group
a48fa81a,2023-04-22,14:30,5,02f8d026,613577b8,3,2,Serie-A,Championship group
47c32605,2023-04-23,12:30,5,58e367c3,9f18ced7,4,1,Serie-A,Relegation group
34b461a2,2023-04-23,14:30,5,756c9acb,a8e83f23,2,1,Serie-A,Relegation group
